id,title,description,description_zh,state
10001,sample 1,description 1,description 1,online
10002,sample 2,description 2,description 2,online
10003,sample 3,description 3,description 3,online
10004,sample 4,description 4,description 4,online
10005,sample 5,description 5,description 5,online
10006,sample 6,description 6,description 6,online
10007,sample 7,description 7,description 7,online
10008,sample 8,description 8,description 8,online
10009,sample 9,description 9,description 9,online
10010,sample 10,description 10,description 10,online
10011,sample 11,description 11,description 11,online
10012,sample 12,description 12,description 12,online
10013,sample 13,description 13,description 13,online
10014,sample 14,description 14,description 14,online
10015,sample 15,description 15,description 15,online
10016,sample 16,description 16,description 16,online
10017,sample 17,description 17,description 17,online
10018,sample 18,description 18,description 18,online
10019,sample 19,description 19,description 19,online
10020,sample 20,description 20,description 20,online
10021,sample 21,description 21,description 21,online
10022,sample 22,description 22,description 22,online
10023,sample 23,description 23,description 23,online
10024,sample 24,description 24,description 24,online
10025,sample 25,description 25,description 25,online
10026,sample 26,description 26,description 26,online
10027,sample 27,description 27,description 27,online
10028,sample 28,description 28,description 28,online
10029,sample 29,description 29,description 29,online
10030,sample 30,description 30,description 30,online
10031,sample 31,description 31,description 31,online
10032,sample 32,description 32,description 32,online
10033,sample 33,description 33,description 33,online
10034,sample 34,description 34,description 34,online
10035,sample 35,description 35,description 35,online
10036,sample 36,description 36,description 36,online
10037,sample 37,description 37,description 37,online
10038,sample 38,description 38,description 38,online
10039,sample 39,description 39,description 39,online
10040,sample 40,description 40,description 40,online
10041,sample 41,description 41,description 41,online
10042,sample 42,description 42,description 42,online
10043,sample 43,description 43,description 43,online
10044,sample 44,description 44,description 44,online
10045,sample 45,description 45,description 45,online
10046,sample 46,description 46,description 46,online
10047,sample 47,description 47,description 47,online
10048,sample 48,description 48,description 48,online
10049,sample 49,description 49,description 49,online
10050,sample 50,description 50,description 50,online
10051,sample 51,description 51,description 51,online
10052,sample 52,description 52,description 52,online
10053,sample 53,description 53,description 53,online
10054,sample 54,description 54,description 54,online
10055,sample 55,description 55,description 55,online
10056,sample 56,description 56,description 56,online
10057,sample 57,description 57,description 57,online
10058,sample 58,description 58,description 58,online
10059,sample 59,description 59,description 59,online
10060,sample 60,description 60,description 60,online
10061,sample 61,description 61,description 61,online
10062,sample 62,description 62,description 62,online
10063,sample 63,description 63,description 63,online
10064,sample 64,description 64,description 64,online
10065,sample 65,description 65,description 65,online
10066,sample 66,description 66,description 66,online
10067,sample 67,description 67,description 67,online
10068,sample 68,description 68,description 68,online
10069,sample 69,description 69,description 69,online
10070,sample 70,description 70,description 70,online
10071,sample 71,description 71,description 71,online
10072,sample 72,description 72,description 72,online
10073,sample 73,description 73,description 73,online
10074,sample 74,description 74,description 74,online
10075,sample 75,description 75,description 75,online
10076,sample 76,description 76,description 76,online
10077,sample 77,description 77,description 77,online
10078,sample 78,description 78,description 78,online
10079,sample 79,description 79,description 79,online
10080,sample 80,description 80,description 80,offline
10081,sample 81,description 81,description 81,offline
10082,sample 82,description 82,description 82,offline
10083,sample 83,description 83,description 83,offline
10084,sample 84,description 84,description 84,offline
10085,sample 85,description 85,description 85,offline
10086,sample 86,description 86,description 86,offline
10087,sample 87,description 87,description 87,offline
10088,sample 88,description 88,description 88,offline
10089,sample 89,description 89,description 89,offline
10090,sample 90,description 90,description 90,offline
10091,sample 91,description 91,description 91,offline
10092,sample 92,description 92,description 92,offline
10093,sample 93,description 93,description 93,offline
10094,sample 94,description 94,description 94,offline
10095,sample 95,description 95,description 95,offline
10096,sample 96,description 96,description 96,offline
10097,sample 97,description 97,description 97,offline
10098,sample 98,description 98,description 98,offline
10099,sample 99,description 99,description 99,offline
10100,sample 100,description 100,description 100,offline
